<?xml version="1.0" encoding="UTF-8"?>
<!DOCTYPE mapper PUBLIC "-//mybatis.org//DTD Mapper 3.0//EN" "http://mybatis.org/dtd/mybatis-3-mapper.dtd">

<mapper namespace="com.micropower.demo.mapper.GoodsMapper">
    <resultMap id="goodsResultMap" type="com.micropower.demo.entity.Goods">
        <id column="goods_id" property="goodsId"></id>
        <result column="name" property="name"></result>
        <result column="goods_no" property="goodsNo"></result>
        <result column="seller_id" property="sellerId"></result>
        <result column="category_id" property="categoryId"></result>
        <result column="create_by" property="createBy"></result>
        <result column="update_by" property="updateBy"></result>
        <result column="create_time" property="createTime"></result>
        <result column="update_time" property="updateTime"></result>
    </resultMap>

    <insert id="insertGoods" useGeneratedKeys="true" keyProperty="goodsId">
        insert into goods values(
            #{goods.goodsId},
            #{goods.name},
            #{goods.goodsNo},
            #{goods.sellerId},
            #{goods.categoryId},
            #{goods.createBy},
            #{goods.updateBy},
            current_timestamp(),
            current_timestamp()
        )
    </insert>
    <insert id="insertSkus">
        insert into sku values
        <foreach collection="skuList" item="sku" index="" open="" close="" separator=",">
          (
            #{sku.skuId},
            #{sku.specification},
            #{sku.goodsId},
            #{sku.price},
            #{sku.stock},
            #{sku.total},
            #{sku.createBy},
            #{sku.updateBy},
            #{sku.createTime},
            #{sku.updateTime}
          )
        </foreach>
    </insert>

<!--    一对多关联查询-->
    <resultMap id="goodsWithSkuList" extends="goodsResultMap" type="com.micropower.demo.entity.Goods">
        <collection property="skus" ofType="com.micropower.demo.entity.Sku">
            <id column="sku_id" property="skuId"></id>
            <result column="specification" property="specification"></result>
            <result column="goods_id" property="goodsId"></result>
            <result column="price" property="price"></result>
            <result column="stock" property="stock"></result>
            <result column="total" property="total"></result>
            <result column="total" property="total"></result>
            <result column="create_by" property="createBy"></result>
            <result column="update_by" property="updateBy"></result>
            <result column="create_time" property="createTime"></result>
            <result column="update_time" property="updateTime"></result>
        </collection>
    </resultMap>

    <select id="selectGoodsList" resultMap="goodsWithSkuList">
        select goods.*, sku.* from goods left join sku on goods.goods_id = sku.goods_id
    </select>

</mapper>