<?xml version="1.0" encoding="UTF-8"?>
<!DOCTYPE mapper PUBLIC "-//mybatis.org//DTD Mapper 3.0//EN" "http://mybatis.org/dtd/mybatis-3-mapper.dtd">

<mapper namespace="com.micropower.demo.mapper.OrderMapper">
    <resultMap id="goodsResultMap" type="com.micropower.demo.entity.Order">
        <id column="order_id" property="orderId"></id>
        <result column="order_no" property="orderNo"></result>
        <result column="amount" property="amount"></result>
        <result column="status" property="status"></result>

        <result column="buyer_id" property="buyerId"></result>
        <result column="seller_id" property="sellerId"></result>
        <result column="create_by" property="createBy"></result>
        <result column="update_by" property="updateBy"></result>
        <result column="create_time" property="createTime"></result>
        <result column="update_time" property="updateTime"></result>
    </resultMap>

    <update id="updateSku">
        update sku set stock = stock - #{quantity} where sku_id = #{skuId} and (stock - #{quantity})>=0
    </update>

    <update id="updateAccount">
        update account set balance = balance - #{amount} where account_id = #{accounId} and (balance - #{amount})>=0
    </update>

    <update id="updateOrder">
        update `order` set status = 1 where order_id = #{order.orderId}
    </update>

    <insert id="insertOrder" useGeneratedKeys="true" keyProperty="orderId">
        insert into `order` values(
            #{order.orderId},
            #{order.orderNo},
            #{order.amount},
            #{order.status},
            #{order.buyerId},
            #{order.sellerId},
            #{order.createBy},
            #{order.updateBy},
            current_timestamp(),
            current_timestamp()
        )
    </insert>
</mapper>